{"name":"Konicky","short_name":"Konicky","description":"This template should help get you started developing with Vue 3 in Vite. The template uses Vue 3 `<script setup>` SFCs, check out the [script setup docs](https://v3.vuejs.org/api/sfc-script-setup.html#sfc-script-setup) to learn more.","start_url":"/","display":"standalone","background_color":"#ffffff","theme_color":"#1976d2","lang":"en","scope":"/","icons":[{"src":"/img/icons/icon-192x192.png","sizes":"192x192","type":"image/png"},{"src":"/img/icons/icon-512x512.png","sizes":"512x512","type":"image/png"}]}